{
  "uma": {
    "q1": {
      "nano": {
        "n": 1974,
        "ber_mean": 0.43217089772224426,
        "bler": 1.0,
        "ber_p25": 0.4157714918255806,
        "ber_p50": 0.453752800822258,
        "ber_p75": 0.4644252359867096
      },
      "small": {
        "n": 979,
        "ber_mean": 0.2298630028963089,
        "bler": 1.0,
        "ber_p25": 0.1741769015789032,
        "ber_p50": 0.232561394572258,
        "ber_p75": 0.2836914211511612
      },
      "large": {
        "n": 1047,
        "ber_mean": 0.024581287056207657,
        "bler": 0.7679083094555874,
        "ber_p25": 0.00013950893480796367,
        "ber_p50": 0.004464285913854837,
        "ber_p75": 0.0357142873108387
      }
    },
    "q2": {
      "nano": {
        "n": 1974,
        "alternatives": {
          "nano": {
            "ber_mean": 0.43217089772224426,
            "bler": 1.0
          },
          "small": {
            "ber_mean": 0.4358750879764557,
            "bler": 1.0
          },
          "large": {
            "ber_mean": 0.42939987778663635,
            "bler": 1.0
          }
        }
      },
      "small": {
        "n": 979,
        "alternatives": {
          "nano": {
            "ber_mean": 0.23669321835041046,
            "bler": 1.0
          },
          "small": {
            "ber_mean": 0.2298630028963089,
            "bler": 1.0
          },
          "large": {
            "ber_mean": 0.231188103556633,
            "bler": 1.0
          }
        }
      },
      "large": {
        "n": 1047,
        "alternatives": {
          "nano": {
            "ber_mean": 0.030977914109826088,
            "bler": 1.0
          },
          "small": {
            "ber_mean": 0.026195166632533073,
            "bler": 0.8156638013371538
          },
          "large": {
            "ber_mean": 0.024581287056207657,
            "bler": 0.7679083094555874
          }
        }
      }
    },
    "q3": {
      "nano": {
        "n": 1974,
        "channel_mse_by_expert": {
          "nano": {
            "mse_mean": 0.02214348316192627,
            "mse_p50": 0.00925011420622468
          },
          "small": {
            "mse_mean": 0.021817583590745926,
            "mse_p50": 0.005096464650705457
          },
          "large": {
            "mse_mean": 0.03216724842786789,
            "mse_p50": 0.027705536223948002
          }
        }
      },
      "small": {
        "n": 979,
        "channel_mse_by_expert": {
          "nano": {
            "mse_mean": 0.13970279693603516,
            "mse_p50": 0.11555501073598862
          },
          "small": {
            "mse_mean": 0.11599287390708923,
            "mse_p50": 0.10182467103004456
          },
          "large": {
            "mse_mean": 0.08375414460897446,
            "mse_p50": 0.06114904582500458
          }
        }
      },
      "large": {
        "n": 1047,
        "channel_mse_by_expert": {
          "nano": {
            "mse_mean": 0.1529683768749237,
            "mse_p50": 0.07520940154790878
          },
          "small": {
            "mse_mean": 0.07628221064805984,
            "mse_p50": 0.03529595583677292
          },
          "large": {
            "mse_mean": 0.05749783664941788,
            "mse_p50": 0.03109622187912464
          }
        }
      }
    },
    "q4": [
      {
        "snr_lo": -4.9951090812683105,
        "snr_hi": -0.7102621623447964,
        "n": 585,
        "experts": {
          "nano": {
            "success_rate": 0.0,
            "ber": 0.40971940755844116
          },
          "small": {
            "success_rate": 0.0,
            "ber": 0.41258373856544495
          },
          "large": {
            "success_rate": 0.0,
            "ber": 0.40703579783439636
          }
        }
      },
      {
        "snr_lo": -0.7102621623447964,
        "snr_hi": 3.5745847565787177,
        "n": 591,
        "experts": {
          "nano": {
            "success_rate": 0.0,
            "ber": 0.3621186912059784
          },
          "small": {
            "success_rate": 0.0,
            "ber": 0.3629838526248932
          },
          "large": {
            "success_rate": 0.0,
            "ber": 0.35791006684303284
          }
        }
      },
      {
        "snr_lo": 3.5745847565787177,
        "snr_hi": 7.859431675502233,
        "n": 563,
        "experts": {
          "nano": {
            "success_rate": 0.0,
            "ber": 0.3250312805175781
          },
          "small": {
            "success_rate": 0.0,
            "ber": 0.3247302174568176
          },
          "large": {
            "success_rate": 0.0,
            "ber": 0.32078951597213745
          }
        }
      },
      {
        "snr_lo": 7.859431675502233,
        "snr_hi": 12.144278594425746,
        "n": 559,
        "experts": {
          "nano": {
            "success_rate": 0.0,
            "ber": 0.27443578839302063
          },
          "small": {
            "success_rate": 0.0,
            "ber": 0.2729054391384125
          },
          "large": {
            "success_rate": 0.0,
            "ber": 0.26973840594291687
          }
        }
      },
      {
        "snr_lo": 12.144278594425746,
        "snr_hi": 16.42912551334926,
        "n": 597,
        "experts": {
          "nano": {
            "success_rate": 0.0,
            "ber": 0.2219989001750946
          },
          "small": {
            "success_rate": 0.028475711892797295,
            "ber": 0.22050519287586212
          },
          "large": {
            "success_rate": 0.05025125628140703,
            "ber": 0.2175082117319107
          }
        }
      },
      {
        "snr_lo": 16.42912551334926,
        "snr_hi": 20.713972432272776,
        "n": 564,
        "experts": {
          "nano": {
            "success_rate": 0.0,
            "ber": 0.19238132238388062
          },
          "small": {
            "success_rate": 0.12056737588652477,
            "ber": 0.18928246200084686
          },
          "large": {
            "success_rate": 0.15602836879432624,
            "ber": 0.18758338689804077
          }
        }
      },
      {
        "snr_lo": 20.713972432272776,
        "snr_hi": 24.99881935119629,
        "n": 541,
        "experts": {
          "nano": {
            "success_rate": 0.0,
            "ber": 0.15919643640518188
          },
          "small": {
            "success_rate": 0.199630314232902,
            "ber": 0.15382729470729828
          },
          "large": {
            "success_rate": 0.23105360443622924,
            "ber": 0.15346884727478027
          }
        }
      }
    ],
    "q5": {
      "nano": {
        "n": 1974,
        "mean_confidence": 0.04711787402629852,
        "wrong_bit_confidence": 0.037236545234918594
      },
      "small": {
        "n": 979,
        "mean_confidence": 0.27622097730636597,
        "wrong_bit_confidence": 0.15132367610931396
      },
      "large": {
        "n": 1047,
        "mean_confidence": 0.47706830501556396,
        "wrong_bit_confidence": 0.18290187418460846
      }
    }
  },
  "tdlc": {
    "q1": {
      "nano": {
        "n": 609,
        "ber_mean": 0.3241468369960785,
        "bler": 1.0,
        "ber_p25": 0.2979910969734192,
        "ber_p50": 0.330078125,
        "ber_p75": 0.356724351644516
      },
      "small": {
        "n": 1559,
        "ber_mean": 0.18012383580207825,
        "bler": 1.0,
        "ber_p25": 0.1112583763897419,
        "ber_p50": 0.1831752359867096,
        "ber_p75": 0.2507673054933548
      },
      "large": {
        "n": 1832,
        "ber_mean": 0.01024758629500866,
        "bler": 0.7057860262008734,
        "ber_p25": 0.0,
        "ber_p50": 0.0009765625,
        "ber_p75": 0.011300223879516125
      }
    },
    "q2": {
      "nano": {
        "n": 609,
        "alternatives": {
          "nano": {
            "ber_mean": 0.3241468369960785,
            "bler": 1.0
          },
          "small": {
            "ber_mean": 0.31733494997024536,