{
  "profile_acc": 0.77875,
  "uma/snr_r2": 0.4190222753274412,
  "uma/chan_power_r2": 0.43437755718817794,
  "uma/delay_spread_r2": 0.357059698927936,
  "tdlc/snr_r2": 0.9313724462126035,
  "tdlc/chan_power_r2": 0.07011434625542967,
  "tdlc/delay_spread_r2": 0.6484664730333116
}